accession,title,description,link,number_of_samples,platform,platform_raw,is_oxford_nanopore,organism,study_accession
33704998,,,https://www.ncbi.nlm.nih.gov/sra/?term=33704998,1,unknown,,False,,
33704997,,,https://www.ncbi.nlm.nih.gov/sra/?term=33704997,1,unknown,,False,,
33704996,,,https://www.ncbi.nlm.nih.gov/sra/?term=33704996,1,unknown,,False,,
33704995,,,https://www.ncbi.nlm.nih.gov/sra/?term=33704995,1,unknown,,False,,
33704994,,,https://www.ncbi.nlm.nih.gov/sra/?term=33704994,1,unknown,,False,,
33704993,,,https://www.ncbi.nlm.nih.gov/sra/?term=33704993,1,unknown,,False,,
33704992,,,https://www.ncbi.nlm.nih.gov/sra/?term=33704992,1,unknown,,False,,
33704991,,,https://www.ncbi.nlm.nih.gov/sra/?term=33704991,1,unknown,,False,,
33704990,,,https://www.ncbi.nlm.nih.gov/sra/?term=33704990,1,unknown,,False,,
33704989,,,https://www.ncbi.nlm.nih.gov/sra/?term=33704989,1,unknown,,False,,
33704988,,,https://www.ncbi.nlm.nih.gov/sra/?term=33704988,1,unknown,,False,,
33704987,,,https://www.ncbi.nlm.nih.gov/sra/?term=33704987,1,unknown,,False,,
33704986,,,https://www.ncbi.nlm.nih.gov/sra/?term=33704986,1,unknown,,False,,
33704985,,,https://www.ncbi.nlm.nih.gov/sra/?term=33704985,1,unknown,,False,,
33704984,,,https://www.ncbi.nlm.nih.gov/sra/?term=33704984,1,unknown,,False,,
33704983,,,https://www.ncbi.nlm.nih.gov/sra/?term=33704983,1,unknown,,False,,
33704982,,,https://www.ncbi.nlm.nih.gov/sra/?term=33704982,1,unknown,,False,,
33704981,,,https://www.ncbi.nlm.nih.gov/sra/?term=33704981,1,unknown,,False,,
33704980,,,https://www.ncbi.nlm.nih.gov/sra/?term=33704980,1,unknown,,False,,
33704979,,,https://www.ncbi.nlm.nih.gov/sra/?term=33704979,1,unknown,,False,,
33704978,,,https://www.ncbi.nlm.nih.gov/sra/?term=33704978,1,unknown,,False,,
33704977,,,https://www.ncbi.nlm.nih.gov/sra/?term=33704977,1,unknown,,False,,
33704976,,,https://www.ncbi.nlm.nih.gov/sra/?term=33704976,1,unknown,,False,,
33704975,,,https://www.ncbi.nlm.nih.gov/sra/?term=33704975,1,unknown,,False,,
33704974,,,https://www.ncbi.nlm.nih.gov/sra/?term=33704974,1,unknown,,False,,
33704973,,,https://www.ncbi.nlm.nih.gov/sra/?term=33704973,1,unknown,,False,,
33704972,,,https://www.ncbi.nlm.nih.gov/sra/?term=33704972,1,unknown,,False,,
33704971,,,https://www.ncbi.nlm.nih.gov/sra/?term=33704971,1,unknown,,False,,
33704970,,,https://www.ncbi.nlm.nih.gov/sra/?term=33704970,1,unknown,,False,,
33704969,,,https://www.ncbi.nlm.nih.gov/sra/?term=33704969,1,unknown,,False,,
33704968,,,https://www.ncbi.nlm.nih.gov/sra/?term=33704968,1,unknown,,False,,
33704967,,,https://www.ncbi.nlm.nih.gov/sra/?term=33704967,1,unknown,,False,,
33704966,,,https://www.ncbi.nlm.nih.gov/sra/?term=33704966,1,unknown,,False,,
33704965,,,https://www.ncbi.nlm.nih.gov/sra/?term=33704965,1,unknown,,False,,
33704964,,,https://www.ncbi.nlm.nih.gov/sra/?term=33704964,1,unknown,,False,,
33704963,,,https://www.ncbi.nlm.nih.gov/sra/?term=33704963,1,unknown,,False,,
33704962,,,https://www.ncbi.nlm.nih.gov/sra/?term=33704962,1,unknown,,False,,
33704961,,,https://www.ncbi.nlm.nih.gov/sra/?term=33704961,1,unknown,,False,,
33704960,,,https://www.ncbi.nlm.nih.gov/sra/?term=33704960,1,unknown,,False,,
33704959,,,https://www.ncbi.nlm.nih.gov/sra/?term=33704959,1,unknown,,False,,
33704958,,,https://www.ncbi.nlm.nih.gov/sra/?term=33704958,1,unknown,,False,,
33704957,,,https://www.ncbi.nlm.nih.gov/sra/?term=33704957,1,unknown,,False,,
33704956,,,https://www.ncbi.nlm.nih.gov/sra/?term=33704956,1,unknown,,False,,
33704955,,,https://www.ncbi.nlm.nih.gov/sra/?term=33704955,1,unknown,,False,,
33704954,,,https://www.ncbi.nlm.nih.gov/sra/?term=33704954,1,unknown,,False,,
33704953,,,https://www.ncbi.nlm.nih.gov/sra/?term=33704953,1,unknown,,False,,
33704952,,,https://www.ncbi.nlm.nih.gov/sra/?term=33704952,1,unknown,,False,,
33704951,,,https://www.ncbi.nlm.nih.gov/sra/?term=33704951,1,unknown,,False,,
33704950,,,https://www.ncbi.nlm.nih.gov/sra/?term=33704950,1,unknown,,False,,
33704949,,,https://www.ncbi.nlm.nih.gov/sra/?term=33704949,1,unknown,,False,,
33704948,,,https://www.ncbi.nlm.nih.gov/sra/?term=33704948,1,unknown,,False,,
33044883,,,https://www.ncbi.nlm.nih.gov/sra/?term=33044883,1,unknown,,False,,
33044882,,,https://www.ncbi.nlm.nih.gov/sra/?term=33044882,1,unknown,,False,,
33370178,,,https://www.ncbi.nlm.nih.gov/sra/?term=33370178,1,unknown,,False,,
33370177,,,https://www.ncbi.nlm.nih.gov/sra/?term=33370177,1,unknown,,False,,
33370176,,,https://www.ncbi.nlm.nih.gov/sra/?term=33370176,1,unknown,,False,,
33370175,,,https://www.ncbi.nlm.nih.gov/sra/?term=33370175,1,unknown,,False,,
33370174,,,https://www.ncbi.nlm.nih.gov/sra/?term=33370174,1,unknown,,False,,
33370173,,,https://www.ncbi.nlm.nih.gov/sra/?term=33370173,1,unknown,,False,,
33370172,,,https://www.ncbi.nlm.nih.gov/sra/?term=33370172,1,unknown,,False,,
33370171,,,https://www.ncbi.nlm.nih.gov/sra/?term=33370171,1,unknown,,False,,
33370169,,,https://www.ncbi.nlm.nih.gov/sra/?term=33370169,1,unknown,,False,,
33370168,,,https://www.ncbi.nlm.nih.gov/sra/?term=33370168,1,unknown,,False,,
33370167,,,https://www.ncbi.nlm.nih.gov/sra/?term=33370167,1,unknown,,False,,
33370166,,,https://www.ncbi.nlm.nih.gov/sra/?term=33370166,1,unknown,,False,,
33370165,,,https://www.ncbi.nlm.nih.gov/sra/?term=33370165,1,unknown,,False,,
33370164,,,https://www.ncbi.nlm.nih.gov/sra/?term=33370164,1,unknown,,False,,
33370163,,,https://www.ncbi.nlm.nih.gov/sra/?term=33370163,1,unknown,,False,,
33370162,,,https://www.ncbi.nlm.nih.gov/sra/?term=33370162,1,unknown,,False,,
33370161,,,https://www.ncbi.nlm.nih.gov/sra/?term=33370161,1,unknown,,False,,
33370160,,,https://www.ncbi.nlm.nih.gov/sra/?term=33370160,1,unknown,,False,,
33370158,,,https://www.ncbi.nlm.nih.gov/sra/?term=33370158,1,unknown,,False,,
33370157,,,https://www.ncbi.nlm.nih.gov/sra/?term=33370157,1,unknown,,False,,
33370156,,,https://www.ncbi.nlm.nih.gov/sra/?term=33370156,1,unknown,,False,,
33370155,,,https://www.ncbi.nlm.nih.gov/sra/?term=33370155,1,unknown,,False,,
33370154,,,https://www.ncbi.nlm.nih.gov/sra/?term=33370154,1,unknown,,False,,
33370153,,,https://www.ncbi.nlm.nih.gov/sra/?term=33370153,1,unknown,,False,,
32702403,,,https://www.ncbi.nlm.nih.gov/sra/?term=32702403,1,unknown,,False,,
32702402,,,https://www.ncbi.nlm.nih.gov/sra/?term=32702402,1,unknown,,False,,
32702401,,,https://www.ncbi.nlm.nih.gov/sra/?term=32702401,1,unknown,,False,,
32702400,,,https://www.ncbi.nlm.nih.gov/sra/?term=32702400,1,unknown,,False,,
32702399,,,https://www.ncbi.nlm.nih.gov/sra/?term=32702399,1,unknown,,False,,
32702398,,,https://www.ncbi.nlm.nih.gov/sra/?term=32702398,1,unknown,,False,,
32115378,,,https://www.ncbi.nlm.nih.gov/sra/?term=32115378,1,unknown,,False,,
32115377,,,https://www.ncbi.nlm.nih.gov/sra/?term=32115377,1,unknown,,False,,
32115376,,,https://www.ncbi.nlm.nih.gov/sra/?term=32115376,1,unknown,,False,,
32115375,,,https://www.ncbi.nlm.nih.gov/sra/?term=32115375,1,unknown,,False,,
32115374,,,https://www.ncbi.nlm.nih.gov/sra/?term=32115374,1,unknown,,False,,
32115373,,,https://www.ncbi.nlm.nih.gov/sra/?term=32115373,1,unknown,,False,,
29869159,,,https://www.ncbi.nlm.nih.gov/sra/?term=29869159,1,unknown,,False,,
29869158,,,https://www.ncbi.nlm.nih.gov/sra/?term=29869158,1,unknown,,False,,
29869151,,,https://www.ncbi.nlm.nih.gov/sra/?term=29869151,1,unknown,,False,,
29869150,,,https://www.ncbi.nlm.nih.gov/sra/?term=29869150,1,unknown,,False,,
29869149,,,https://www.ncbi.nlm.nih.gov/sra/?term=29869149,1,unknown,,False,,
29869144,,,https://www.ncbi.nlm.nih.gov/sra/?term=29869144,1,unknown,,False,,
29869160,,,https://www.ncbi.nlm.nih.gov/sra/?term=29869160,1,unknown,,False,,
29869157,,,https://www.ncbi.nlm.nih.gov/sra/?term=29869157,1,unknown,,False,,
29869156,,,https://www.ncbi.nlm.nih.gov/sra/?term=29869156,1,unknown,,False,,
29869155,,,https://www.ncbi.nlm.nih.gov/sra/?term=29869155,1,unknown,,False,,
29869154,,,https://www.ncbi.nlm.nih.gov/sra/?term=29869154,1,unknown,,False,,
